-- CREATE DATABASE  IF NOT EXISTS `patbot_dev` /*!40100 DEFAULT CHARACTER SET utf8mb4 COLLATE utf8mb4_0900_ai_ci */ /*!80016 DEFAULT ENCRYPTION='N' */;
-- USE `patbot_dev`;
-- MySQL dump 10.13  Distrib 8.0.21, for Win64 (x86_64)
--
-- Host: 127.0.0.1    Database: patbot
-- ------------------------------------------------------
-- Server version	8.0.21

/*!40101 SET @OLD_CHARACTER_SET_CLIENT=@@CHARACTER_SET_CLIENT */;
/*!40101 SET @OLD_CHARACTER_SET_RESULTS=@@CHARACTER_SET_RESULTS */;
/*!40101 SET @OLD_COLLATION_CONNECTION=@@COLLATION_CONNECTION */;
/*!50503 SET NAMES utf8 */;
/*!40103 SET @OLD_TIME_ZONE=@@TIME_ZONE */;
/*!40103 SET TIME_ZONE='+00:00' */;
/*!40014 SET @OLD_UNIQUE_CHECKS=@@UNIQUE_CHECKS, UNIQUE_CHECKS=0 */;
/*!40014 SET @OLD_FOREIGN_KEY_CHECKS=@@FOREIGN_KEY_CHECKS, FOREIGN_KEY_CHECKS=0 */;
/*!40101 SET @OLD_SQL_MODE=@@SQL_MODE, SQL_MODE='NO_AUTO_VALUE_ON_ZERO' */;
/*!40111 SET @OLD_SQL_NOTES=@@SQL_NOTES, SQL_NOTES=0 */;

--
-- Table structure for table `emoji`
--

DROP TABLE IF EXISTS `emoji`;
/*!40101 SET @saved_cs_client     = @@character_set_client */;
/*!50503 SET character_set_client = utf8mb4 */;
CREATE TABLE `emoji` (
  `id` int NOT NULL AUTO_INCREMENT,
  `d_emoji_id` varchar(45) NOT NULL,
  `created_at` datetime NOT NULL DEFAULT CURRENT_TIMESTAMP,
  `updated_at` datetime NOT NULL DEFAULT CURRENT_TIMESTAMP,
  PRIMARY KEY (`id`),
  UNIQUE KEY `d_emoji_id_UNIQUE` (`d_emoji_id`)
) ENGINE=InnoDB DEFAULT CHARSET=utf8mb4 COLLATE=utf8mb4_0900_ai_ci;
/*!40101 SET character_set_client = @saved_cs_client */;

--
-- Dumping data for table `emoji`
--

LOCK TABLES `emoji` WRITE;
/*!40000 ALTER TABLE `emoji` DISABLE KEYS */;
/*!40000 ALTER TABLE `emoji` ENABLE KEYS */;
UNLOCK TABLES;

--
-- Table structure for table `game`
--

DROP TABLE IF EXISTS `game`;
/*!40101 SET @saved_cs_client     = @@character_set_client */;
/*!50503 SET character_set_client = utf8mb4 */;
CREATE TABLE `game` (
  `id` int NOT NULL AUTO_INCREMENT,
  `steam_game_id` varchar(64) NOT NULL,
  `name` varchar(512) DEFAULT NULL,
  `playable` int NOT NULL DEFAULT '1',
  `created_at` datetime NOT NULL DEFAULT CURRENT_TIMESTAMP,
  `updated_at` datetime NOT NULL DEFAULT CURRENT_TIMESTAMP,
  PRIMARY KEY (`id`),
  UNIQUE KEY `game_id_UNIQUE` (`steam_game_id`)
) ENGINE=InnoDB AUTO_INCREMENT=26 DEFAULT CHARSET=utf8mb4 COLLATE=utf8mb4_0900_ai_ci;
/*!40101 SET character_set_client = @saved_cs_client */;

--
-- Dumping data for table `game`
--

LOCK TABLES `game` WRITE;
/*!40000 ALTER TABLE `game` DISABLE KEYS */;
INSERT INTO `game` VALUES (1,'1217060','Gunfire Reborn',1,'2020-09-23 20:31:23','2020-09-23 20:31:23'),(4,'632360','Risk of Rain 2',1,'2020-09-23 21:53:06','2020-09-23 21:53:06'),(5,'880940','Pummel Party',1,'2020-09-25 16:12:03','2020-09-25 16:12:03'),(7,'548430','Deep Rock Galactic',1,'2020-09-25 16:44:34','2020-09-25 16:44:34'),(8,'527230','For the King',1,'2020-09-25 16:46:13','2020-09-25 16:46:13'),(9,'286160','Tabletop Simulator',1,'2020-09-25 16:46:39','2020-09-25 16:46:39'),(10,'431240','Golf With Your Friends',1,'2020-09-25 16:47:13','2020-09-25 16:47:13'),(11,'570','Dota 2',1,'2020-09-25 16:47:41','2020-09-25 16:47:41'),(12,'39210','FINAL FANTASY XIV Online',1,'2020-09-25 16:48:22','2020-09-25 16:48:22'),(13,'1145360','Hades',1,'2020-09-25 17:58:00','2020-09-25 17:58:00'),(17,'429660','Tales of Berseria',1,'2020-09-23 21:53:06','2020-09-23 21:53:06'),(18,'1046930','Dota Underlords',1,'2020-09-27 15:23:30','2020-09-27 15:23:30'),(19,'1269260','Artifact 2',1,'2020-09-27 15:30:38','2020-09-27 15:30:38'),(20,'1426300','The Binding of Isaac: Repentance',1,'2020-09-29 11:49:03','2020-09-29 11:49:03'),(22,'1086940','Baldurs Gate 3',1,'2020-10-08 16:01:57','2020-10-08 16:01:57'),(23,'646570','Slay the Spire',1,'2020-10-08 16:02:24','2020-10-08 16:02:24'),(24,'1091500','Cyberpunk 2077',1,'2020-10-08 16:02:52','2020-10-08 16:02:52'),(25,'719040','Wasteland 3',1,'2020-10-13 14:00:46','2020-10-13 14:00:46');
/*!40000 ALTER TABLE `game` ENABLE KEYS */;
UNLOCK TABLES;

--
-- Table structure for table `game_update`
--

DROP TABLE IF EXISTS `game_update`;
/*!40101 SET @saved_cs_client     = @@character_set_client */;
/*!50503 SET character_set_client = utf8mb4 */;
CREATE TABLE `game_update` (
  `id` int NOT NULL AUTO_INCREMENT,
  `game_id` int NOT NULL,
  `steam_game_update_id` varchar(45) NOT NULL,
  `created_at` datetime NOT NULL DEFAULT CURRENT_TIMESTAMP,
  `updated_at` datetime NOT NULL DEFAULT CURRENT_TIMESTAMP,
  PRIMARY KEY (`id`),
  KEY `game_update_game_fk_idx` (`game_id`),
  CONSTRAINT `game_update_game_fk` FOREIGN KEY (`game_id`) REFERENCES `game` (`id`)
) ENGINE=InnoDB AUTO_INCREMENT=327 DEFAULT CHARSET=utf8mb4 COLLATE=utf8mb4_0900_ai_ci;
/*!40101 SET character_set_client = @saved_cs_client */;

--
-- Dumping data for table `game_update`
--

LOCK TABLES `game_update` WRITE;
/*!40000 ALTER TABLE `game_update` DISABLE KEYS */;
INSERT INTO `game_update` VALUES (88,1,'2887327083412933503','2020-09-24 16:10:50','2020-09-24 16:10:50'),(89,1,'2887326531240364437','2020-09-24 16:10:50','2020-09-24 16:10:50'),(90,1,'2887325813748872433','2020-09-24 16:10:50','2020-09-24 16:10:50'),(93,1,'4362253704561473102','2020-09-24 16:10:50','2020-09-24 16:10:50'),(94,1,'4460206178501492734','2020-09-24 16:10:50','2020-09-24 16:10:50'),(95,1,'2738705758020175027','2020-09-24 16:10:50','2020-09-24 16:10:50'),(101,4,'2744334079861093222','2020-09-24 16:10:51','2020-09-24 16:10:51'),(102,4,'2740955655376700577','2020-09-24 16:10:51','2020-09-24 16:10:51'),(104,4,'2520276100969901363','2020-09-24 16:10:51','2020-09-24 16:10:51'),(150,4,'2212898452318426353','2020-09-24 16:18:23','2020-09-24 16:18:23'),(152,1,'2735326880601022439','2020-09-24 16:52:16','2020-09-24 16:52:16'),(154,4,'2867058981746224992','2020-09-24 16:52:17','2020-09-24 16:52:17'),(155,4,'3884871322369607946','2020-09-24 16:52:17','2020-09-24 16:52:17'),(157,1,'4460206178485179744','2020-09-24 16:54:35','2020-09-24 16:54:35'),(161,4,'2197139657029528798','2020-09-24 19:50:05','2020-09-24 19:50:05'),(162,1,'2858051782480574529','2020-09-24 19:51:05','2020-09-24 19:51:05'),(163,4,'5318144537297293646','2020-09-24 19:52:33','2020-09-24 19:52:33'),(167,1,'2858051782467517003','2020-09-24 22:17:46','2020-09-24 22:17:46'),(168,4,'2736450787670739945','2020-09-24 22:17:46','2020-09-24 22:17:46'),(169,4,'4642591179202236269','2020-09-24 22:17:46','2020-09-24 22:17:46'),(170,1,'2783744924828065538','2020-09-25 11:12:38','2020-09-25 11:12:38'),(171,5,'2516898401223734691','2020-09-25 16:33:26','2020-09-25 16:33:26'),(172,5,'1813202083222833961','2020-09-25 16:33:26','2020-09-25 16:33:26'),(173,5,'1689344848557750460','2020-09-25 16:33:26','2020-09-25 16:33:26'),(174,5,'1580124309511229478','2020-09-25 16:33:26','2020-09-25 16:33:26'),(175,5,'5314766837586821335','2020-09-25 16:33:26','2020-09-25 16:33:26'),(176,5,'5314766837586821458','2020-09-25 16:33:26','2020-09-25 16:33:26'),(177,5,'5314766837586821563','2020-09-25 16:33:26','2020-09-25 16:33:26'),(178,5,'5314766837586821671','2020-09-25 16:33:26','2020-09-25 16:33:26'),(179,5,'5314766837586821783','2020-09-25 16:33:26','2020-09-25 16:33:26'),(180,5,'5314766837586821869','2020-09-25 16:33:26','2020-09-25 16:33:26'),(181,7,'2781493125015856130','2020-09-25 16:50:21','2020-09-25 16:50:21'),(182,7,'2855799982653771560','2020-09-25 16:50:21','2020-09-25 16:50:21'),(183,7,'2729696656286126132','2020-09-25 16:50:21','2020-09-25 16:50:21'),(184,7,'2509017101882563832','2020-09-25 16:50:21','2020-09-25 16:50:21'),(185,7,'2509017101875303922','2020-09-25 16:50:21','2020-09-25 16:50:21'),(186,7,'2458350973576500312','2020-09-25 16:50:21','2020-09-25 16:50:21'),(187,7,'2458350973561512283','2020-09-25 16:50:21','2020-09-25 16:50:21'),(188,7,'2382915044643460125','2020-09-25 16:50:21','2020-09-25 16:50:21'),(189,7,'2230917925423433594','2020-09-25 16:50:21','2020-09-25 16:50:21'),(190,7,'2185880657958580920','2020-09-25 16:50:21','2020-09-25 16:50:21'),(191,8,'2218529221253065674','2020-09-25 16:50:21','2020-09-25 16:50:21'),(192,8,'1671325376349206314','2020-09-25 16:50:21','2020-09-25 16:50:21'),(193,8,'5219065345498197991','2020-09-25 16:50:21','2020-09-25 16:50:21'),(194,8,'5219065345498198101','2020-09-25 16:50:21','2020-09-25 16:50:21'),(195,8,'5219065345498198200','2020-09-25 16:50:21','2020-09-25 16:50:21'),(196,8,'5219065345498198310','2020-09-25 16:50:21','2020-09-25 16:50:21'),(197,8,'5219065345498198416','2020-09-25 16:50:21','2020-09-25 16:50:21'),(198,8,'5219065345498198519','2020-09-25 16:50:21','2020-09-25 16:50:21'),(199,8,'5219065345498198618','2020-09-25 16:50:21','2020-09-25 16:50:21'),(200,8,'5219065345498198728','2020-09-25 16:50:21','2020-09-25 16:50:21'),(201,9,'2729697381075824522','2020-09-25 16:50:22','2020-09-25 16:50:22'),(202,9,'2505639402159759025','2020-09-25 16:50:22','2020-09-25 16:50:22'),(203,9,'2212902906106019767','2020-09-25 16:50:22','2020-09-25 16:50:22'),(204,9,'4696636923140911769','2020-09-25 16:50:22','2020-09-25 16:50:22'),(205,9,'2198263022912869564','2020-09-25 16:50:22','2020-09-25 16:50:22'),(206,9,'2077789829878273122','2020-09-25 16:50:22','2020-09-25 16:50:22'),(207,9,'1705113157892509365','2020-09-25 16:50:22','2020-09-25 16:50:22'),(208,9,'1698352047817568303','2020-09-25 16:50:22','2020-09-25 16:50:22'),(209,9,'3149636493212291733','2020-09-25 16:50:22','2020-09-25 16:50:22'),(210,9,'1701727756584296504','2020-09-25 16:50:22','2020-09-25 16:50:22'),(211,10,'2511268901721344781','2020-09-25 16:50:22','2020-09-25 16:50:22'),(212,10,'4141568267595251769','2020-09-25 16:50:22','2020-09-25 16:50:22'),(213,10,'4141568267578351326','2020-09-25 16:50:22','2020-09-25 16:50:22'),(214,10,'2188131825057509834','2020-09-25 16:50:22','2020-09-25 16:50:22'),(215,10,'3433374676484063981','2020-09-25 16:50:22','2020-09-25 16:50:22'),(216,10,'2203891253377983897','2020-09-25 16:50:22','2020-09-25 16:50:22'),(217,10,'2083419329409949304','2020-09-25 16:50:22','2020-09-25 16:50:22'),(218,10,'1711868557321422182','2020-09-25 16:50:22','2020-09-25 16:50:22'),(219,10,'1705109355699406011','2020-09-25 16:50:22','2020-09-25 16:50:22'),(220,10,'1705107447264638293','2020-09-25 16:50:22','2020-09-25 16:50:22'),(221,11,'2882823483804903017','2020-09-25 16:50:23','2020-09-25 16:50:23'),(222,11,'2882822214121061255','2020-09-25 16:50:23','2020-09-25 16:50:23'),(223,11,'2734202158397360658','2020-09-25 16:50:23','2020-09-25 16:50:23'),(224,11,'4641476065439058114','2020-09-25 16:50:23','2020-09-25 16:50:23'),(225,11,'2727444856474536500','2020-09-25 16:50:23','2020-09-25 16:50:23'),(226,11,'2727444223259732180','2020-09-25 16:50:23','2020-09-25 16:50:23'),(227,11,'4398279142112383093','2020-09-25 16:50:23','2020-09-25 16:50:23'),(228,11,'4398279142109013022','2020-09-25 16:50:23','2020-09-25 16:50:23'),(229,11,'2579950247642034362','2020-09-25 16:50:23','2020-09-25 16:50:23'),(230,11,'2579950247627376028','2020-09-25 16:50:23','2020-09-25 16:50:23'),(231,12,'2892955313302807624','2020-09-25 16:50:23','2020-09-25 16:50:23'),(232,12,'2863681282010495482','2020-09-25 16:50:23','2020-09-25 16:50:23'),(233,12,'2744335257551693901','2020-09-25 16:50:23','2020-09-25 16:50:23'),(234,12,'2740956924384342864','2020-09-25 16:50:23','2020-09-25 16:50:23'),(235,12,'2740956380153289107','2020-09-25 16:50:23','2020-09-25 16:50:23'),(236,12,'2740956380138461901','2020-09-25 16:50:23','2020-09-25 16:50:23'),(237,12,'2737577955656214192','2020-09-25 16:50:23','2020-09-25 16:50:23'),(238,12,'2733073087955230382','2020-09-25 16:50:23','2020-09-25 16:50:23'),(239,12,'2733073087941404446','2020-09-25 16:50:23','2020-09-25 16:50:23'),(240,12,'2516898401266340696','2020-09-25 16:50:23','2020-09-25 16:50:23'),(241,13,'2908719181633108409','2020-09-25 17:58:27','2020-09-25 17:58:27'),(242,13,'2908719181626136093','2020-09-25 17:58:27','2020-09-25 17:58:27'),(243,13,'2760098137123148638','2020-09-25 17:58:27','2020-09-25 17:58:27'),(244,13,'4999512238788514107','2020-09-25 17:58:27','2020-09-25 17:58:27'),(245,13,'4999512238770912830','2020-09-25 17:58:27','2020-09-25 17:58:27'),(246,13,'2532660999974471906','2020-09-25 17:58:27','2020-09-25 17:58:27'),(247,13,'2532660999967551175','2020-09-25 17:58:27','2020-09-25 17:58:27'),(248,13,'2532660999952888063','2020-09-25 17:58:27','2020-09-25 17:58:27'),(249,13,'2481994871659084662','2020-09-25 17:58:27','2020-09-25 17:58:27'),(250,13,'2481994871656576741','2020-09-25 17:58:27','2020-09-25 17:58:27'),(251,17,'4035744538721236057','2020-09-27 15:18:47','2020-09-27 15:18:47'),(252,17,'4035744538721236156','2020-09-27 15:18:47','2020-09-27 15:18:47'),(254,17,'4035744538721236360','2020-09-27 15:18:47','2020-09-27 15:18:47'),(255,18,'2789374424363536293','2020-09-27 15:28:47','2020-09-27 15:28:47'),(256,18,'2892955313287057540','2020-09-27 15:28:47','2020-09-27 15:28:47'),(257,18,'2863681282014747199','2020-09-27 15:28:47','2020-09-27 15:28:47'),(258,18,'2863681282004519702','2020-09-27 15:28:47','2020-09-27 15:28:47'),(259,18,'2744335257553557873','2020-09-27 15:28:47','2020-09-27 15:28:47'),(260,18,'2740956380152339514','2020-09-27 15:28:47','2020-09-27 15:28:47'),(261,18,'2740956380133478045','2020-09-27 15:28:47','2020-09-27 15:28:47'),(262,18,'4093160907705321670','2020-09-27 15:28:47','2020-09-27 15:28:47'),(263,18,'4093160907698990871','2020-09-27 15:28:47','2020-09-27 15:28:47'),(264,18,'2733073087939195819','2020-09-27 15:28:47','2020-09-27 15:28:47'),(265,19,'2816396022141510842','2020-09-27 15:33:48','2020-09-27 15:33:48'),(266,19,'2919978180722190113','2020-09-27 15:33:48','2020-09-27 15:33:48'),(267,19,'2919977626398883207','2020-09-27 15:33:48','2020-09-27 15:33:48'),(268,19,'2919976911053196682','2020-09-27 15:33:48','2020-09-27 15:33:48'),(269,19,'2919976911049459169','2020-09-27 15:33:48','2020-09-27 15:33:48'),(270,19,'2919976911045696400','2020-09-27 15:33:48','2020-09-27 15:33:48'),(271,19,'2890702879770175277','2020-09-27 15:33:48','2020-09-27 15:33:48'),(272,19,'2771356855310608568','2020-09-27 15:33:48','2020-09-27 15:33:48'),(273,19,'2767977977901055488','2020-09-27 15:33:48','2020-09-27 15:33:48'),(274,19,'2764599553400036071','2020-09-27 15:33:48','2020-09-27 15:33:48'),(276,17,'4035744538721236252','2020-09-27 16:24:52','2020-09-27 16:24:52'),(277,7,'2868188053543323073','2020-10-01 09:04:28','2020-10-01 09:04:28'),(278,19,'2903090950654306756','2020-10-01 14:49:33','2020-10-01 14:49:33'),(281,12,'2876069352921194278','2020-10-06 09:30:26','2020-10-06 09:30:26'),(282,22,'2896336186734531133','2020-10-08 16:04:06','2020-10-08 16:04:06'),(283,22,'2896336186730997587','2020-10-08 16:04:06','2020-10-08 16:04:06'),(284,22,'2781493125020803440','2020-10-08 16:04:06','2020-10-08 16:04:06'),(285,22,'2781493125012891159','2020-10-08 16:04:06','2020-10-08 16:04:06'),(286,22,'2868188053546850136','2020-10-08 16:04:06','2020-10-08 16:04:06'),(287,22,'2885074731428367103','2020-10-08 16:04:06','2020-10-08 16:04:06'),(288,22,'4457954378675726976','2020-10-08 16:04:06','2020-10-08 16:04:06'),(289,22,'4360001904749548891','2020-10-08 16:04:06','2020-10-08 16:04:06'),(290,22,'2725191788513398452','2020-10-08 16:04:06','2020-10-08 16:04:06'),(291,22,'2382915044647531948','2020-10-08 16:04:06','2020-10-08 16:04:06'),(292,23,'2757844153955584429','2020-10-08 16:04:07','2020-10-08 16:04:07'),(293,23,'2259065423079593208','2020-10-08 16:04:07','2020-10-08 16:04:07'),(294,23,'2214028155647833162','2020-10-08 16:04:07','2020-10-08 16:04:07'),(295,23,'1706236518847317659','2020-10-08 16:04:07','2020-10-08 16:04:07'),(296,23,'3333161273921589351','2020-10-08 16:04:07','2020-10-08 16:04:07'),(297,23,'1708485147042638403','2020-10-08 16:04:07','2020-10-08 16:04:07'),(298,23,'1708485147027637174','2020-10-08 16:04:07','2020-10-08 16:04:07'),(299,23,'1708485146980344783','2020-10-08 16:04:07','2020-10-08 16:04:07'),(300,23,'3180035790688437491','2020-10-08 16:04:07','2020-10-08 16:04:07'),(301,23,'1723120578715241111','2020-10-08 16:04:07','2020-10-08 16:04:07'),(302,24,'2891831951601070199','2020-10-08 16:04:07','2020-10-08 16:04:07'),(303,24,'2908719181635899231','2020-10-08 16:04:07','2020-10-08 16:04:07'),(304,24,'2908719181636245076','2020-10-08 16:04:07','2020-10-08 16:04:07'),(305,24,'2879443880723336319','2020-10-08 16:04:07','2020-10-08 16:04:07'),(306,24,'2756718978845003532','2020-10-08 16:04:07','2020-10-08 16:04:07'),(307,24,'2532660999948512962','2020-10-08 16:04:07','2020-10-08 16:04:07'),(308,24,'2532660999948124249','2020-10-08 16:04:07','2020-10-08 16:04:07'),(309,24,'2104811427660066082','2020-10-08 16:04:07','2020-10-08 16:04:07'),(310,24,'3180035790685888085','2020-10-08 16:04:07','2020-10-08 16:04:07'),(311,24,'4740557883132625979','2020-10-08 16:04:07','2020-10-08 16:04:07'),(312,22,'2896336186738209915','2020-10-09 12:22:33','2020-10-09 12:22:33'),(313,19,'2931239083846419672','2020-10-09 14:02:31','2020-10-09 14:02:31'),(314,22,'2896336186753128622','2020-10-13 13:44:36','2020-10-13 13:44:36'),(315,25,'2887328987480288973','2020-10-13 14:04:38','2020-10-13 14:04:38'),(316,25,'4034618638814364475','2020-10-13 14:04:38','2020-10-13 14:04:38'),(317,25,'2846792783408186200','2020-10-13 14:04:38','2020-10-13 14:04:38'),(318,25,'2772485925756277273','2020-10-13 14:04:38','2020-10-13 14:04:38'),(319,25,'2876066814684289524','2020-10-13 14:04:38','2020-10-13 14:04:38'),(320,25,'2846792783401985115','2020-10-13 14:04:38','2020-10-13 14:04:38'),(321,25,'3959180716937067683','2020-10-13 14:04:38','2020-10-13 14:04:38'),(322,25,'2716184589236767650','2020-10-13 14:04:38','2020-10-13 14:04:38'),(323,25,'2846792783400713156','2020-10-13 14:04:38','2020-10-13 14:04:38'),(324,24,'4692147266512867672','2020-10-15 12:04:40','2020-10-15 12:04:40'),(325,19,'4711287564960104806','2020-10-15 14:24:39','2020-10-15 14:24:39'),(326,1,'4161848407692294047','2020-10-15 20:34:34','2020-10-15 20:34:34');
/*!40000 ALTER TABLE `game_update` ENABLE KEYS */;
UNLOCK TABLES;

--
-- Table structure for table `luldollar`
--

DROP TABLE IF EXISTS `luldollar`;
/*!40101 SET @saved_cs_client     = @@character_set_client */;
/*!50503 SET character_set_client = utf8mb4 */;
CREATE TABLE `luldollar` (
  `id` int NOT NULL AUTO_INCREMENT,
  `user_id` int NOT NULL,
  `d_message_id` varchar(128) NOT NULL,
  `is_manual` int NOT NULL DEFAULT '0',
  `created_at` datetime NOT NULL DEFAULT CURRENT_TIMESTAMP,
  `updated_at` datetime NOT NULL DEFAULT CURRENT_TIMESTAMP,
  `deleted_at` datetime DEFAULT NULL,
  PRIMARY KEY (`id`),
  UNIQUE KEY `id_UNIQUE` (`id`)
) ENGINE=InnoDB AUTO_INCREMENT=86 DEFAULT CHARSET=utf8mb4 COLLATE=utf8mb4_0900_ai_ci;
/*!40101 SET character_set_client = @saved_cs_client */;

--
-- Dumping data for table `luldollar`
--

LOCK TABLES `luldollar` WRITE;
/*!40000 ALTER TABLE `luldollar` DISABLE KEYS */;
INSERT INTO `luldollar` VALUES (1,1,'1',0,'2020-09-25 00:00:00','2020-09-25 00:00:00',NULL),(2,1,'2',0,'2020-09-25 00:00:00','2020-09-25 00:00:00',NULL),(3,2,'3',0,'2020-09-25 00:00:00','2020-09-25 00:00:00',NULL),(4,2,'4',0,'2020-09-25 00:00:00','2020-09-25 00:00:00',NULL),(5,2,'5',0,'2020-09-25 00:00:00','2020-09-25 00:00:00',NULL),(6,3,'6',0,'2020-09-25 00:00:00','2020-09-25 00:00:00',NULL),(7,3,'7',0,'2020-09-25 00:00:00','2020-09-25 00:00:00',NULL),(9,5,'8',0,'2020-09-25 00:00:00','2020-09-25 00:00:00',NULL),(21,1,'759202469065916457',0,'2020-09-25 16:59:35','2020-09-25 16:59:35','2020-09-25 16:59:37'),(22,1,'759203118570799144',0,'2020-09-25 17:02:11','2020-09-25 17:02:11','2020-09-25 17:02:26'),(23,4,'759295702877732904',0,'2020-09-25 23:11:54','2020-09-25 23:11:54',NULL),(24,4,'759295702877732904',0,'2020-09-25 23:12:18','2020-09-25 23:12:18',NULL),(25,4,'759296711184482334',0,'2020-09-25 23:16:04','2020-09-25 23:16:04',NULL),(26,1,'759297668278386688',0,'2020-09-25 23:18:06','2020-09-25 23:18:06',NULL),(27,2,'759312155186561024',0,'2020-09-26 00:15:34','2020-09-26 00:15:34',NULL),(28,2,'759334658869297173',0,'2020-09-26 02:13:55','2020-09-26 02:13:55',NULL),(29,5,'759344485577785404',0,'2020-09-26 02:25:23','2020-09-26 02:25:23',NULL),(30,5,'759633287236288532',0,'2020-09-26 21:53:07','2020-09-26 21:53:07',NULL),(31,1,'759646843763949599',0,'2020-09-26 22:27:03','2020-09-26 22:27:03',NULL),(36,1,'759907011772678174',0,'2020-09-27 15:43:40','2020-09-27 15:43:40',NULL),(41,3,'760237466165837894',0,'2020-09-28 13:44:31','2020-09-28 13:44:31',NULL),(42,2,'760242289766301748',0,'2020-09-28 14:03:57','2020-09-28 14:03:57',NULL),(43,3,'760267982243889225',0,'2020-09-28 15:34:15','2020-09-28 15:34:15','2020-09-28 15:34:52'),(44,3,'760267982243889225',0,'2020-09-28 15:34:55','2020-09-28 15:34:55','2020-09-28 15:34:56'),(45,3,'760267982243889225',0,'2020-09-28 15:34:57','2020-09-28 15:34:57','2020-09-28 15:34:58'),(46,3,'760267982243889225',0,'2020-09-28 15:34:59','2020-09-28 15:34:59','2020-09-28 15:35:00'),(47,1,'760278300853272576',0,'2020-09-28 16:14:44','2020-09-28 16:14:44',NULL),(48,2,'760279028371816449',0,'2020-09-28 16:18:38','2020-09-28 16:18:38',NULL),(49,2,'760279129853132811',0,'2020-09-28 16:18:46','2020-09-28 16:18:46',NULL),(50,2,'760279292579545098',0,'2020-09-28 16:18:50','2020-09-28 16:18:50',NULL),(51,2,'760280400391045130',0,'2020-09-28 16:23:07','2020-09-28 16:23:07',NULL),(52,3,'760398140045656075',1,'2020-09-29 00:10:44','2020-09-29 00:10:44',NULL),(53,2,'760575416229822504',0,'2020-09-29 11:57:26','2020-09-29 11:57:26',NULL),(54,3,'760580269941194792',0,'2020-09-29 12:14:32','2020-09-29 12:14:32',NULL),(55,3,'760583171284402216',0,'2020-09-29 12:26:07','2020-09-29 12:26:07',NULL),(56,1,'760583699645071381',0,'2020-09-29 12:28:09','2020-09-29 12:28:09',NULL),(57,3,'760583716207722547',0,'2020-09-29 12:28:13','2020-09-29 12:28:13',NULL),(58,3,'760583826274517023',1,'2020-09-29 12:28:46','2020-09-29 12:28:46',NULL),(59,5,'760586651972927518',1,'2020-09-29 12:39:48','2020-09-29 12:39:48',NULL),(60,5,'760591762489868289',0,'2020-09-29 13:00:17','2020-09-29 13:00:17',NULL),(61,2,'760629935743172630',0,'2020-09-29 15:33:54','2020-09-29 15:33:54',NULL),(62,3,'760629597514891265',0,'2020-09-29 15:33:59','2020-09-29 15:33:59',NULL),(63,3,'760637694060920882',0,'2020-09-29 16:02:44','2020-09-29 16:02:44',NULL),(64,2,'760677315319169024',0,'2020-09-29 18:40:14','2020-09-29 18:40:14',NULL),(65,2,'760703504859136051',0,'2020-09-29 20:31:22','2020-09-29 20:31:22',NULL),(66,5,'760816731483930634',1,'2020-09-30 03:54:03','2020-09-30 03:54:03',NULL),(67,2,'761254869188345907',0,'2020-10-01 08:55:12','2020-10-01 08:55:12',NULL),(68,3,'761379533835206687',0,'2020-10-01 17:29:18','2020-10-01 17:29:18',NULL),(69,3,'761394501234196531',1,'2020-10-01 18:09:53','2020-10-01 18:09:53',NULL),(70,3,'761394506368942170',1,'2020-10-01 18:09:54','2020-10-01 18:09:54',NULL),(71,3,'761394509996621860',1,'2020-10-01 18:09:55','2020-10-01 18:09:55',NULL),(72,3,'761456838541049887',0,'2020-10-01 22:41:38','2020-10-01 22:41:38',NULL),(73,3,'762231286919987200',1,'2020-10-04 01:35:00','2020-10-04 01:35:00',NULL),(74,2,'762231303021133835',1,'2020-10-04 01:35:04','2020-10-04 01:35:04',NULL),(75,2,'762483586128543805',0,'2020-10-04 18:27:49','2020-10-04 18:27:49',NULL),(76,3,'762951370684760104',0,'2020-10-06 01:27:07','2020-10-06 01:27:07',NULL),(77,3,'763115345887625296',0,'2020-10-06 12:09:00','2020-10-06 12:09:00',NULL),(78,2,'763502613009661973',0,'2020-10-07 14:00:57','2020-10-07 14:00:57','2020-10-07 14:00:58'),(79,1,'763507935220989982',1,'2020-10-07 14:07:56','2020-10-07 14:07:56',NULL),(80,3,'763508023254974564',1,'2020-10-07 14:08:17','2020-10-07 14:08:17',NULL),(81,1,'763508211088490526',0,'2020-10-07 14:09:20','2020-10-07 14:09:20',NULL),(82,3,'763578278157877279',0,'2020-10-07 18:47:35','2020-10-07 18:47:35',NULL),(83,2,'764669976585830421',0,'2020-10-10 19:30:04','2020-10-10 19:30:04',NULL),(84,1,'766072650505650186',0,'2020-10-14 15:59:19','2020-10-14 15:59:19',NULL),(85,1,'766831355556003850',0,'2020-10-16 18:19:51','2020-10-16 18:19:51',NULL);
/*!40000 ALTER TABLE `luldollar` ENABLE KEYS */;
UNLOCK TABLES;

--
-- Table structure for table `user`
--

DROP TABLE IF EXISTS `user`;
/*!40101 SET @saved_cs_client     = @@character_set_client */;
/*!50503 SET character_set_client = utf8mb4 */;
CREATE TABLE `user` (
  `id` int NOT NULL AUTO_INCREMENT,
  `d_user_id` varchar(45) NOT NULL,
  `name` varchar(45) NOT NULL,
  `created_at` datetime NOT NULL DEFAULT CURRENT_TIMESTAMP,
  `updated_at` datetime NOT NULL DEFAULT CURRENT_TIMESTAMP,
  PRIMARY KEY (`id`),
  UNIQUE KEY `user_id_UNIQUE` (`d_user_id`)
) ENGINE=InnoDB AUTO_INCREMENT=6 DEFAULT CHARSET=utf8mb4 COLLATE=utf8mb4_0900_ai_ci;
/*!40101 SET character_set_client = @saved_cs_client */;

--
-- Dumping data for table `user`
--

LOCK TABLES `user` WRITE;
/*!40000 ALTER TABLE `user` DISABLE KEYS */;
INSERT INTO `user` VALUES (1,'113878392276910084','Pat','2020-09-24 14:06:24','2020-09-24 14:06:24'),(2,'226596047722512384','Dan','2020-09-24 14:30:18','2020-09-24 14:30:18'),(3,'169689111463067650','Marley','2020-09-24 14:30:18','2020-09-24 14:30:18'),(4,'132607164580626442','Dopple','2020-09-24 14:30:18','2020-09-24 14:30:18'),(5,'174373337559072770','Billy','2020-09-24 14:30:18','2020-09-24 14:30:18');
/*!40000 ALTER TABLE `user` ENABLE KEYS */;
UNLOCK TABLES;

--
-- Table structure for table `user_availability`
--

DROP TABLE IF EXISTS `user_availability`;
/*!40101 SET @saved_cs_client     = @@character_set_client */;
/*!50503 SET character_set_client = utf8mb4 */;
CREATE TABLE `user_availability` (
  `id` int NOT NULL AUTO_INCREMENT,
  `user_id` int NOT NULL,
  `d_message_id` varchar(45) DEFAULT NULL,
  `start` date DEFAULT NULL,
  `end` date DEFAULT NULL,
  `percentage` int NOT NULL DEFAULT '100',
  `is_present` int NOT NULL DEFAULT '1',
  `created_at` datetime DEFAULT CURRENT_TIMESTAMP,
  `updated_at` datetime DEFAULT CURRENT_TIMESTAMP,
  PRIMARY KEY (`id`),
  KEY `user_availability_user_fk_idx` (`user_id`),
  CONSTRAINT `user_availability_user_fk` FOREIGN KEY (`user_id`) REFERENCES `user` (`id`)
) ENGINE=InnoDB AUTO_INCREMENT=143 DEFAULT CHARSET=utf8mb4 COLLATE=utf8mb4_0900_ai_ci;
/*!40101 SET character_set_client = @saved_cs_client */;

--
-- Dumping data for table `user_availability`
--

LOCK TABLES `user_availability` WRITE;
/*!40000 ALTER TABLE `user_availability` DISABLE KEYS */;
INSERT INTO `user_availability` VALUES (71,1,'763482227879051264','2020-10-09','2020-10-09',100,1,'2020-10-07 12:25:47','2020-10-07 12:25:47'),(72,1,'763482399182291035','2020-10-10','2020-10-10',80,1,'2020-10-07 12:26:28','2020-10-07 12:26:28'),(73,4,'763482481025875998','2020-10-07','2020-10-07',100,1,'2020-10-07 12:26:47','2020-10-07 12:26:47'),(74,4,'763482539385815062','2020-10-09','2020-10-09',100,1,'2020-10-07 12:27:01','2020-10-07 12:27:01'),(75,4,'763482586441711666','2020-10-10','2020-10-10',100,1,'2020-10-07 12:27:13','2020-10-07 12:27:13'),(76,4,'763482643135856680','2020-10-11','2020-10-11',100,1,'2020-10-07 12:27:26','2020-10-07 12:27:26'),(80,2,'763486034343755836','2020-10-09','2020-10-09',90,1,'2020-10-07 12:40:55','2020-10-07 12:40:55'),(81,2,'763486058436362291','2020-10-10','2020-10-10',90,1,'2020-10-07 12:41:00','2020-10-07 12:41:00'),(82,2,'763486459680129024','2020-10-07','2020-10-07',0,1,'2020-10-07 12:42:36','2020-10-07 12:42:36'),(83,4,'763499028100546580','2020-10-07','2020-10-07',100,1,'2020-10-07 13:32:32','2020-10-07 13:32:32'),(84,2,'763801451856003183','2020-10-08','2020-10-08',5,1,'2020-10-08 09:34:16','2020-10-08 09:34:16'),(85,2,'764293843171934208','2020-10-09','2020-10-09',100,1,'2020-10-09 18:10:52','2020-10-09 18:10:52'),(86,3,'764293991016824852','2020-10-09','2020-10-09',100,1,'2020-10-09 18:11:27','2020-10-09 18:11:27'),(87,3,'764294039444652052','2020-10-10','2020-10-10',100,1,'2020-10-09 18:11:39','2020-10-09 18:11:39'),(88,3,'764294125171769354','2020-10-10','2020-10-10',100,1,'2020-10-09 18:11:59','2020-10-09 18:11:59'),(89,3,'764294161272537128','2020-10-10','2020-10-10',0,1,'2020-10-09 18:12:08','2020-10-09 18:12:08'),(90,3,'764294209044742145','2020-10-11','2020-10-11',0,1,'2020-10-09 18:12:19','2020-10-09 18:12:19'),(91,3,'764294244344528936','2020-10-12','2020-10-12',100,1,'2020-10-09 18:12:28','2020-10-09 18:12:28'),(92,3,'764607856111779850','2020-10-10','2020-10-10',0,1,'2020-10-10 14:58:37','2020-10-10 14:58:37'),(93,2,'764630050070855690','2020-10-10','2020-10-10',91,1,'2020-10-10 16:26:49','2020-10-10 16:26:49'),(94,3,'764631311201075211','2020-10-13','2020-10-13',100,1,'2020-10-10 16:31:50','2020-10-10 16:31:50'),(95,3,'764631489773305877','2020-10-14','2020-10-14',17,1,'2020-10-10 16:32:32','2020-10-10 16:32:32'),(96,3,'764631527753252874','2020-10-15','2020-10-15',3,1,'2020-10-10 16:32:41','2020-10-10 16:32:41'),(97,2,'764636538491371520','2020-10-10','2020-10-10',92,1,'2020-10-10 16:52:36','2020-10-10 16:52:36'),(98,2,'764664398043414539','2020-10-10','2020-10-10',94,1,'2020-10-10 18:43:18','2020-10-10 18:43:18'),(99,2,'764669976585830421','2020-10-10','2020-10-10',96,1,'2020-10-10 19:05:28','2020-10-10 19:05:28'),(100,2,'764680198556876810','2020-10-10','2020-10-10',98,1,'2020-10-10 19:46:05','2020-10-10 19:46:05'),(101,2,'764700240723836959','2020-10-10','2020-10-10',85,1,'2020-10-10 21:05:43','2020-10-10 21:05:43'),(102,4,'764707683776462889','2020-10-10','2020-10-10',0,1,'2020-10-10 21:35:18','2020-10-10 21:35:18'),(103,1,'764715035443593216','2020-10-10','2020-10-10',100,1,'2020-10-10 22:04:31','2020-10-10 22:04:31'),(104,1,'764962481814634537','2020-10-11','2020-10-11',90,1,'2020-10-11 14:27:47','2020-10-11 14:27:47'),(105,1,'765327062419767328','2020-10-12','2020-10-12',90,1,'2020-10-12 14:36:30','2020-10-12 14:36:30'),(106,2,'765327252908015656','2020-10-12','2020-10-12',89,1,'2020-10-12 14:37:15','2020-10-12 14:37:15'),(107,4,'765328104587526164','2020-10-12','2020-10-12',90,1,'2020-10-12 14:40:38','2020-10-12 14:40:38'),(108,2,'765691188241760327','2020-10-13','2020-10-13',89,1,'2020-10-13 14:43:24','2020-10-13 14:43:24'),(109,1,'765691253622177803','2020-10-13','2020-10-13',90,1,'2020-10-13 14:43:40','2020-10-13 14:43:40'),(110,5,'765785319726907402','2020-10-13','2020-10-13',100,1,'2020-10-13 20:57:27','2020-10-13 20:57:27'),(111,1,'766032589978337301','2020-10-14','2020-10-14',75,1,'2020-10-14 13:20:01','2020-10-14 13:20:01'),(112,4,'766094115934568488','2020-10-14','2020-10-14',57,1,'2020-10-14 17:24:30','2020-10-14 17:24:30'),(114,1,'766198053899599904','2020-10-15','2020-10-15',90,1,'2020-10-15 00:17:30','2020-10-15 00:17:30'),(115,1,'766198187743903746','2020-10-16','2020-10-16',100,1,'2020-10-15 00:18:02','2020-10-15 00:18:02'),(116,1,'766198187743903746','2020-10-17','2020-10-17',100,1,'2020-10-15 00:18:02','2020-10-15 00:18:02'),(117,1,'766198187743903746','2020-10-18','2020-10-18',100,1,'2020-10-15 00:18:02','2020-10-15 00:18:02'),(118,2,'766417719783325737','2020-10-15','2020-10-15',68,1,'2020-10-15 14:50:23','2020-10-15 14:50:23'),(119,3,'766418806263250954','2020-10-15','2020-10-15',100,1,'2020-10-15 14:54:42','2020-10-15 14:54:42'),(120,3,'766418914221359134','2020-10-16','2020-10-16',100,1,'2020-10-15 14:55:08','2020-10-15 14:55:08'),(121,3,'766418949377753088','2020-10-17','2020-10-17',100,1,'2020-10-15 14:55:16','2020-10-15 14:55:16'),(122,3,'766418983212548126','2020-10-18','2020-10-18',100,1,'2020-10-15 14:55:24','2020-10-15 14:55:24'),(123,3,'766419167930220555','2020-10-16','2020-10-16',60,1,'2020-10-15 14:56:08','2020-10-15 14:56:08'),(124,3,'766419167930220555','2020-10-17','2020-10-17',20,1,'2020-10-15 14:56:08','2020-10-15 14:56:08'),(125,3,'766419167930220555','2020-10-18','2020-10-18',10,1,'2020-10-15 14:56:08','2020-10-15 14:56:08'),(126,3,'766419167930220555','2020-10-19','2020-10-19',5,1,'2020-10-15 14:56:08','2020-10-15 14:56:08'),(127,3,'766784364230082561','2020-10-17','2020-10-17',0,1,'2020-10-16 15:07:18','2020-10-16 15:07:18'),(128,3,'766784364230082561','2020-10-18','2020-10-18',80,1,'2020-10-16 15:07:18','2020-10-16 15:07:18'),(129,3,'766784364230082561','2020-10-19','2020-10-19',73,1,'2020-10-16 15:07:18','2020-10-16 15:07:18'),(130,3,'766784364230082561','2020-10-20','2020-10-21',0,1,'2020-10-16 15:07:18','2020-10-16 15:07:18'),(131,3,'766784491011833916','2020-10-21','2020-10-21',0,1,'2020-10-16 15:07:48','2020-10-16 15:07:48'),(132,3,'766784531200999435','2020-10-20','2020-10-20',20,1,'2020-10-16 15:07:58','2020-10-16 15:07:58'),(133,3,'766784634632929291','2020-10-16','2020-10-16',100,1,'2020-10-16 15:08:23','2020-10-16 15:08:23'),(134,2,'766785870342258748','2020-10-17','2020-10-17',73,1,'2020-10-16 15:13:17','2020-10-16 15:13:17'),(135,2,'766785870342258748','2020-10-18','2020-10-18',45,1,'2020-10-16 15:13:17','2020-10-16 15:13:17'),(136,2,'766785870342258748','2020-10-19','2020-10-19',37,1,'2020-10-16 15:13:17','2020-10-16 15:13:17'),(137,2,'766785870342258748','2020-10-20','2020-10-20',18,1,'2020-10-16 15:13:17','2020-10-16 15:13:17'),(138,2,'766785870342258748','2020-10-16','2020-10-16',82,1,'2020-10-16 15:13:17','2020-10-16 15:13:17'),(139,2,'766785870342258748','2020-10-21','2020-10-21',16,1,'2020-10-16 15:13:17','2020-10-16 15:13:17'),(140,2,'766825977590317076','2020-10-16','2020-10-16',95,1,'2020-10-16 17:52:39','2020-10-16 17:52:39'),(141,4,'767115121210163300','2020-10-17','2020-10-17',10,1,'2020-10-17 13:01:37','2020-10-17 13:01:37'),(142,2,'767176350955470868','2020-10-17','2020-10-17',20,1,'2020-10-17 17:04:55','2020-10-17 17:04:55');
/*!40000 ALTER TABLE `user_availability` ENABLE KEYS */;
UNLOCK TABLES;

--
-- Table structure for table `user_game_subscription`
--

DROP TABLE IF EXISTS `user_game_subscription`;
/*!40101 SET @saved_cs_client     = @@character_set_client */;
/*!50503 SET character_set_client = utf8mb4 */;
CREATE TABLE `user_game_subscription` (
  `id` int NOT NULL AUTO_INCREMENT,
  `user_id` int NOT NULL,
  `game_id` int NOT NULL,
  `created_at` datetime DEFAULT CURRENT_TIMESTAMP,
  `updated_at` datetime DEFAULT CURRENT_TIMESTAMP,
  PRIMARY KEY (`id`),
  KEY `user_game_subscription_user_fk_idx` (`user_id`),
  KEY `user_game_subscription_game_fk_idx` (`game_id`),
  CONSTRAINT `user_game_subscription_game_fk` FOREIGN KEY (`game_id`) REFERENCES `game` (`id`),
  CONSTRAINT `user_game_subscription_user_fk` FOREIGN KEY (`user_id`) REFERENCES `user` (`id`)
) ENGINE=InnoDB AUTO_INCREMENT=32 DEFAULT CHARSET=utf8mb4 COLLATE=utf8mb4_0900_ai_ci;
/*!40101 SET character_set_client = @saved_cs_client */;

--
-- Dumping data for table `user_game_subscription`
--

LOCK TABLES `user_game_subscription` WRITE;
/*!40000 ALTER TABLE `user_game_subscription` DISABLE KEYS */;
INSERT INTO `user_game_subscription` VALUES (5,1,1,'2020-09-24 16:59:29','2020-09-24 16:59:29'),(6,1,5,'2020-09-25 16:31:42','2020-09-25 16:31:42'),(7,1,8,'2020-09-25 16:49:05','2020-09-25 16:49:05'),(8,1,9,'2020-09-25 16:49:13','2020-09-25 16:49:13'),(10,1,10,'2020-09-25 16:49:22','2020-09-25 16:49:22'),(11,1,7,'2020-09-25 16:49:31','2020-09-25 16:49:31'),(13,1,11,'2020-09-25 16:50:16','2020-09-25 16:50:16'),(17,4,4,'2020-09-25 23:09:20','2020-09-25 23:09:20'),(19,1,4,'2020-09-26 22:31:10','2020-09-26 22:31:10'),(20,1,17,'2020-09-27 15:17:08','2020-09-27 15:17:08'),(22,4,18,'2020-09-27 15:25:11','2020-09-27 15:25:11'),(24,4,19,'2020-09-27 15:31:59','2020-09-27 15:31:59'),(25,4,11,'2020-09-27 15:34:00','2020-09-27 15:34:00'),(26,1,20,'2020-09-29 11:49:46','2020-09-29 11:49:46'),(28,1,22,'2020-10-08 16:02:01','2020-10-08 16:02:01'),(29,1,23,'2020-10-08 16:02:26','2020-10-08 16:02:26'),(30,1,24,'2020-10-08 16:02:54','2020-10-08 16:02:54'),(31,4,25,'2020-10-13 14:01:46','2020-10-13 14:01:46');
/*!40000 ALTER TABLE `user_game_subscription` ENABLE KEYS */;
UNLOCK TABLES;

--
-- Table structure for table `user_nickname`
--

DROP TABLE IF EXISTS `user_nickname`;
/*!40101 SET @saved_cs_client     = @@character_set_client */;
/*!50503 SET character_set_client = utf8mb4 */;
CREATE TABLE `user_nickname` (
  `id` int NOT NULL AUTO_INCREMENT,
  `user_id` int NOT NULL,
  `nickname` varchar(128) NOT NULL,
  PRIMARY KEY (`id`),
  KEY `user_nickname_user_fk_idx` (`user_id`),
  CONSTRAINT `user_nickname_user_fk` FOREIGN KEY (`user_id`) REFERENCES `user` (`id`)
) ENGINE=InnoDB AUTO_INCREMENT=25 DEFAULT CHARSET=utf8mb4 COLLATE=utf8mb4_0900_ai_ci;
/*!40101 SET character_set_client = @saved_cs_client */;

--
-- Dumping data for table `user_nickname`
--

LOCK TABLES `user_nickname` WRITE;
/*!40000 ALTER TABLE `user_nickname` DISABLE KEYS */;
INSERT INTO `user_nickname` VALUES (1,1,'Pat'),(2,1,'Patrick'),(3,1,'Patty'),(4,1,'Patvocate'),(5,2,'Dan'),(6,2,'Daniel'),(7,2,'Defender Dan'),(8,3,'Marley'),(9,3,'Mars'),(10,3,'Mario'),(11,3,'MarioUmillio'),(12,3,'Mar'),(13,4,'Dopple'),(14,4,'Adrian'),(15,4,'Donger'),(16,4,'DoppleDonger'),(17,4,'maddogxx5'),(18,5,'Billy'),(19,5,'Billyz'),(20,5,'Billeh'),(21,5,'Fade'),(22,5,'FadeGuy'),(23,5,'ThatFadeGuy'),(24,5,'FadedReality');
/*!40000 ALTER TABLE `user_nickname` ENABLE KEYS */;
UNLOCK TABLES;

--
-- Table structure for table `version`
--

DROP TABLE IF EXISTS `version`;
/*!40101 SET @saved_cs_client     = @@character_set_client */;
/*!50503 SET character_set_client = utf8mb4 */;
CREATE TABLE `version` (
  `id` int NOT NULL AUTO_INCREMENT,
  `version` varchar(45) NOT NULL,
  `announced` int NOT NULL DEFAULT '0',
  `created_at` datetime NOT NULL DEFAULT CURRENT_TIMESTAMP,
  `updated_at` datetime NOT NULL DEFAULT CURRENT_TIMESTAMP,
  PRIMARY KEY (`id`),
  UNIQUE KEY `version_UNIQUE` (`version`)
) ENGINE=InnoDB DEFAULT CHARSET=utf8mb4 COLLATE=utf8mb4_0900_ai_ci;
/*!40101 SET character_set_client = @saved_cs_client */;

--
-- Dumping data for table `version`
--

LOCK TABLES `version` WRITE;
/*!40000 ALTER TABLE `version` DISABLE KEYS */;
/*!40000 ALTER TABLE `version` ENABLE KEYS */;
UNLOCK TABLES;
/*!40103 SET TIME_ZONE=@OLD_TIME_ZONE */;

/*!40101 SET SQL_MODE=@OLD_SQL_MODE */;
/*!40014 SET FOREIGN_KEY_CHECKS=@OLD_FOREIGN_KEY_CHECKS */;
/*!40014 SET UNIQUE_CHECKS=@OLD_UNIQUE_CHECKS */;
/*!40101 SET CHARACTER_SET_CLIENT=@OLD_CHARACTER_SET_CLIENT */;
/*!40101 SET CHARACTER_SET_RESULTS=@OLD_CHARACTER_SET_RESULTS */;
/*!40101 SET COLLATION_CONNECTION=@OLD_COLLATION_CONNECTION */;
/*!40111 SET SQL_NOTES=@OLD_SQL_NOTES */;

-- Dump completed on 2020-10-17 18:31:08
